{
  "data": [
    [3.275154, 2.957587,0,12],
    [-3.344465, 2.603513,0,15],
    [0.355083, -3.376585,0,5],
    [1.852435, 3.547351,0,7],
    [-2.078973, 2.552013,0,8],
    [-0.993756, -0.884433,2,10],
    [2.682252, 4.007573,5,1],
    [-3.087776, 2.878713,3,3],
    [-1.565978, -1.256985,4,5],
    [2.441611, 0.444826,3,6],
    [-0.659487, 3.111284,5,7],
    [-0.459601, -2.618005,2,8],
    [2.17768, 2.387793,5,7],
    [-2.920969, 2.917485,4,2],
    [-0.028814, -4.168078,1,2],
    [3.625746, 2.119041,1,6],
    [-3.912363, 1.325108,5,6],
    [-0.551694, -2.814223,5,8],
    [2.855808, 3.483301,3,5],
    [-3.594448, 2.856651,3,5],
    [0.421993, -2.372646,5,1]
  ],
  "clusterCount": 6
}