{
  "data": [
    {
      "x": 3.275154,
      "y": 2.957587,
      "index": 0,
      "reportId": 12
    },
    {
      "x": -3.344465,
      "y": 2.603513,
      "index": 0,
      "reportId": 15
    }
  ],
  "clusterCount": 6
}